{
    "meta": {
        "num_tuples": 404,
        "num_attributes": 15,
        "num_attributes_in_BN": 14,
        "all_attributes": [
            "Unnamed: 0",
            "CRIM",
            "ZN",
            "INDUS",
            "CHAS",
            "NOX",
            "RM",
            "AGE",
            "DIS",
            "RAD",
            "TAX",
            "PTRATIO",
            "B",
            "LSTAT",
            "PRICE"
        ],
        "candidate_keys": [
            "Unnamed: 0"
        ],
        "non_categorical_string_attributes": [],
        "attributes_in_BN": [
            "LSTAT",
            "TAX",
            "PTRATIO",
            "CHAS",
            "PRICE",
            "INDUS",
            "CRIM",
            "NOX",
            "ZN",
            "RAD",
            "B",
            "AGE",
            "RM",
            "DIS"
        ]
    },
    "attribute_description": {
        "Unnamed: 0": {
            "name": "Unnamed: 0",
            "data_type": "Integer",
            "is_categorical": false,
            "is_candidate_key": true,
            "min": 0,
            "max": 403,
            "missing_rate": 0,
            "distribution_bins": [
                -0.020149999999999998,
                20.15,
                40.3,
                60.449999999999996,
                80.6,
                100.75,
                120.89999999999999,
                141.04999999999998,
                161.2,
                181.35,
                201.5,
                221.64999999999998,
                241.79999999999998,
                261.95,
                282.09999999999997,
                302.25,
                322.4,
                342.54999999999995,
                362.7,
                382.84999999999997
            ],
            "distribution_probabilities": [
                0.05,
                0.05,
                0.05,
                0.05,
                0.05,
                0.05,
                0.05,
                0.05,
                0.05,
                0.05,
                0.05,
                0.05,
                0.05,
                0.05,
                0.05,
                0.05,
                0.05,
                0.05,
                0.05,
                0.05
            ]
        },
        "CRIM": {
            "name": "CRIM",
            "data_type": "Float",
            "is_categorical": false,
            "is_candidate_key": false,
            "min": 0.00632,
            "max": 88.9762,
            "missing_rate": 0,
            "distribution_bins": [
                0.0018715060000000002,
                4.454814,
                8.903308,
                13.351802000000001,
                17.800296,
                22.24879,
                26.697284,
                31.145778,
                35.594272000000004,
                40.042766,
                44.491260000000004,
                48.93975400000001,
                53.388248000000004,
                57.836742,
                62.285236000000005,
                66.73373000000001,
                71.182224,
                75.630718,
                80.079212,
                84.52770600000001
            ],
            "distribution_probabilities": [
                0.05,
                0.05,
                0.05,
                0.05,
                0.05,
                0.05,
                0.05,
                0.05,
                0.05,
                0.05,
                0.05,
                0.05,
                0.05,
                0.05,
                0.05,
                0.05,
                0.05,
                0.05,
                0.05,
                0.05
            ]
        },
        "ZN": {
            "name": "ZN",
            "data_type": "Float",
            "is_categorical": false,
            "is_candidate_key": false,
            "min": 0.0,
            "max": 100.0,
            "missing_rate": 0,
            "distribution_bins": [
                -0.005,
                5.0,
                10.0,
                15.0,
                20.0,
                25.0,
                30.0,
                35.0,
                40.0,
                45.0,
                50.0,
                55.0,
                60.0,
                65.0,
                70.0,
                75.0,
                80.0,
                85.0,
                90.0,
                95.0
            ],
            "distribution_probabilities": [
                0.05,
                0.05,
                0.05,
                0.05,
                0.05,
                0.05,
                0.05,
                0.05,
                0.05,
                0.05,
                0.05,
                0.05,
                0.05,
                0.05,
                0.05,
                0.05,
                0.05,
                0.05,
                0.05,
                0.05
            ]
        },
        "INDUS": {
            "name": "INDUS",
            "data_type": "Float",
            "is_categorical": false,
            "is_candidate_key": false,
            "min": 0.46,
            "max": 27.74,
            "missing_rate": 0,
            "distribution_bins": [
                0.45863600000000004,
                1.8239999999999998,
                3.1879999999999997,
                4.552,
                5.9159999999999995,
                7.279999999999999,
                8.644,
                10.008,
                11.372,
                12.736,
                14.1,
                15.463999999999999,
                16.828,
                18.192,
                19.555999999999997,
                20.919999999999998,
                22.284,
                23.648,
                25.012,
                26.375999999999998
            ],
            "distribution_probabilities": [
                0.05,
                0.05,
                0.05,
                0.05,
                0.05,
                0.05,
                0.05,
                0.05,
                0.05,
                0.05,
                0.05,
                0.05,
                0.05,
                0.05,
                0.05,
                0.05,
                0.05,
                0.05,
                0.05,
                0.05
            ]
        },
        "CHAS": {
            "name": "CHAS",
            "data_type": "Integer",
            "is_categorical": true,
            "is_candidate_key": false,
            "min": 0,
            "max": 1,
            "missing_rate": 0,
            "distribution_bins": [
                0.0,
                1.0
            ],
            "distribution_probabilities": [
                0.5,
                0.5
            ]
        },
        "NOX": {
            "name": "NOX",
            "data_type": "Float",
            "is_categorical": false,
            "is_candidate_key": false,
            "min": 0.385,
            "max": 0.871,
            "missing_rate": 0,
            "distribution_bins": [
                0.38497570000000003,
                0.4093,
                0.4336,
                0.4579,
                0.4822,
                0.5065,
                0.5307999999999999,
                0.5551,
                0.5794,
                0.6037,
                0.628,
                0.6523,
                0.6766,
                0.7009,
                0.7252000000000001,
                0.7495,
                0.7738,
                0.7981,
                0.8224,
                0.8467
            ],